Name,Rating,Price per Night,URL
Chicago South Loop Hotel,6.3,76,https://www.booking.com/hotel/us/chicago-south-loop.html?aid=304142&label=gen173nr-10CAQoggJCDnNlYXJjaF9jaGljYWdvSDFYBGiUAogBAZgBM7gBF8gBDNgBA-gBAfgBAYgCAagCAbgC3YHCyQbAAgHSAiQ5OGNmZTVkOC1mOTdlLTRhODktOTFhNS1iOGU4NGFkOTI5MTXYAgHgAgE&ucfs=1&arphpl=1&checkin=2025-12-12&checkout=2025-12-13&group_adults=2&req_adults=2&no_rooms=1&group_children=0&req_children=0&hpos=1&hapos=1&sr_order=popularity&srpvid=483d81aea540015c&srepoch=1764786432&all_sr_blocks=50144518_92501885_2_0_0&highlighted_blocks=50144518_92501885_2_0_0&matching_block_id=50144518_92501885_2_0_0&sr_pri_blocks=50144518_92501885_2_0_0__7610&from=searchresults
Hampton Inn Chicago McCormick Place,8.4,135,https://www.booking.com/hotel/us/hampton-inn-chicago-mccormick-place.html?aid=304142&label=gen173nr-10CAQoggJCDnNlYXJjaF9jaGljYWdvSDFYBGiUAogBAZgBM7gBF8gBDNgBA-gBAfgBAYgCAagCAbgC3YHCyQbAAgHSAiQ5OGNmZTVkOC1mOTdlLTRhODktOTFhNS1iOGU4NGFkOTI5MTXYAgHgAgE&ucfs=1&arphpl=1&checkin=2025-12-12&checkout=2025-12-13&group_adults=2&req_adults=2&no_rooms=1&group_children=0&req_children=0&hpos=2&hapos=2&sr_order=popularity&srpvid=483d81aea540015c&srepoch=1764786432&all_sr_blocks=323560002_402984216_2_1_0_1254342&highlighted_blocks=323560002_402984216_2_1_0_1254342&matching_block_id=323560002_402984216_2_1_0_1254342&sr_pri_blocks=323560002_402984216_2_1_0_1254342_13520&nad_id=3f931983-386f-45e2-a830-7d8ae7a93629_4&nad_cpc=1.88&nad_track=eyJhdWN0aW9uRXBvY2giOjE3NjQ3ODYzOTc5MzUsInJhbmsiOjEsImtvZGRpVHJhY2tpbmdJbmZvIjoiVGd3S0t3VlVTbXJhcnpjYmFKUzkzUVVsVVJieEw0a3VoMmpySk8veXpiVmZ3NzFuUE81SG11REdKamVUTEx0OGJSQ0J2NjIzekw0WVFGYWMvOThwbWVhMk9tOWFKYnZmRy9sekVOU3FrT2RuVGw4ODNZU1hQTUcxTHRIYS82bzUzQ0lOcGJNMU5XRU5ad01Gd04rcjF0RjdJNzlIMXd1a2k5OUc0cVp5bTQrSUI3VCs4SXZjOE0zRVlNSk5UejY5L25iMkY5ejZHc01ZN2lMQ21CVnJEekZqUUZMN3kzUEltcUs0QnBEWk9YalVMUXZlWWVDVmdNUTY1T3pVaTUvV2ZKbDF6RDRtVW96STlWLzZwNmtxOUUydFBGczF3dUNYY1p6QjB6a0RqL05hYk1NRm5iSm1RMzhrSFNUcHcvRFhycXJpeVJsRlRxTzE1Z3ExaWg2ZU9rT1ZkR0Y5UFJLS1dxaE9xNCtxR3Raa3E2bVNYbzZzckNkYlpsV3NlMlh5VXllUW13ZVJ0T0hEd2xBeDdOaE1kQmE3S29Hb2QxeTdVQXV3U1lKNDhDNzFDWHRjSTBNS3dYdmQ5TE1zTXlkZUNlZVNMYzBFaDlyRVFSSFcyL2FvUG1aUFNhUWlDaGhoTng3QmpWLzVuUitGVzNJbzM5VUZVblhKUVk2TXU3bXh2WmtUeHVGdkYyYm1aYXVMSDlzU3lvUU1HQjNTTmJVUUlrNFc1UlhpSTB0L2dhMU1nZnpyQzRlRUtpV3dOL0lZMmM5VkdkL1ErbEtqNXNIM2dnYURsMGtkdUZZamZPMTNkdi8waFBUZXdCVmxEQk1pL1JCMXAxZ2NqUGZzWjg4cVlVbm12bStQcmJqejZwQW1FalNWNDRBeWVCc0pyZlBvOHoveFpDaXZyWFltRDBjSlk3OFVWM0Y3VCs5bTdualFkS3hGTWlRZXpPbDc3VzJKTmFuYmN0SENSNE1LdHdhcHNYd3lLUlp1aUdmZk9DMWdPVmdvbGhoYlhWMWw3Z0I1V3FZWFpGQXBadktoM0xweTVFaFdWdC9sRy9uOEJEMXFCbjZXQXRkYmZrVEVVZzJkSlVOZ1ErMnJQbWRGeWRneSsrN1dDbXVMZ3EzNWowL2RJN1ZaK1dYK2JLcGJjcThCU1VzYnRWYUI5N2VOUzFGTStoRlVUeVRoRkJWQmg5NXNkNW1vbmtEOUttODhXQ2FmY2ZyTDNsMjl1VTdkU000Z2FvL29aa3IzQ1dHL05HY2dDZlZkSEdjU2V6cHlXZjhaYmp1OWJ2UW1NTGUrYkF4TzRQdVpYRWU1MSsvdGpTK2dwT0hVYWE0eDZSenZ2UDl3T3ZxVUFXWkExb3VTa3QxWTBrbVl6M3MxVVMyQWZ0T0p2Mi93Q3grd3JYVEMxTlhDQTAzUDVia3l6ZjZZR1p1T3N5WWxidW42S2xJdE5VSFNRV0R2SXlaTnVYOEhFSlZBdDAxbnRUMlB0aG0yNTlGb1JrV2FFNGFuc3BCbGRiRmNzMjF0ejUzbHM3V2Fobi8zZWdXWFFPL2Rqcy9NSVBTYnV5VmVvWWlsa3RScUZXS1BRQTg2MnloWk1zZzhzbFFFbWhnVS9Oa0g0NThnQTFDbGJndExlMkVXeEF5RXh3ZWhIMlIzZnhxMkt3UWxLYnl5eXZybW9YcEdrVzBscUFZekFJV09ad0VkcnpuWExrZHlmQ2pFQ2FvUkZJVXFGWEJ6aVZSRjBpcGpwYTZwckE1bHNOK0hxRXFtL1JxM2tMbVVMc1BiR3hFWmhSR0VTNXpJa1BuZWpjZTNDcDh0d0IzYzBWZVhLZTdDak93R0RzYVJPU2t6U1ZYSjVmSHBOMDZvRDA3VGhXcUFYYWw0aHppdlRwNzZha3BMbHlSbGxhL3Z3bGNMKytmaUxQS0pUOFdMODVjWVFYNlo3OWFISFdxQzlXNlFZcEVESjBXelEyZmgvS0FuME1QdGozQkRWa2xEdkhUaUwrUkt1aVpEMmZidXpQbnRONkdHRkJ6cyJ9&nad_placement=SR_MAIN&from_sustainable_property_sr=1&from=searchresults
Embassy Suites Chicago - Downtown River North,8.3,167,https://www.booking.com/hotel/us/embassy-suites-chicago-downtown.html?aid=304142&label=gen173nr-10CAQoggJCDnNlYXJjaF9jaGljYWdvSDFYBGiUAogBAZgBM7gBF8gBDNgBA-gBAfgBAYgCAagCAbgC3YHCyQbAAgHSAiQ5OGNmZTVkOC1mOTdlLTRhODktOTFhNS1iOGU4NGFkOTI5MTXYAgHgAgE&ucfs=1&arphpl=1&checkin=2025-12-12&checkout=2025-12-13&group_adults=2&req_adults=2&no_rooms=1&group_children=0&req_children=0&hpos=3&hapos=3&sr_order=popularity&srpvid=483d81aea540015c&srepoch=1764786432&all_sr_blocks=2880209_388946510_2_1_0&highlighted_blocks=2880209_388946510_2_1_0&matching_block_id=2880209_388946510_2_1_0&sr_pri_blocks=2880209_388946510_2_1_0__16720&from=searchresults
Hampton Inn & Suites Chicago-Downtown,8.5,149,https://www.booking.com/hotel/us/hampton-inn-suites-chicago-downtown.html?aid=304142&label=gen173nr-10CAQoggJCDnNlYXJjaF9jaGljYWdvSDFYBGiUAogBAZgBM7gBF8gBDNgBA-gBAfgBAYgCAagCAbgC3YHCyQbAAgHSAiQ5OGNmZTVkOC1mOTdlLTRhODktOTFhNS1iOGU4NGFkOTI5MTXYAgHgAgE&ucfs=1&arphpl=1&checkin=2025-12-12&checkout=2025-12-13&group_adults=2&req_adults=2&no_rooms=1&group_children=0&req_children=0&hpos=4&hapos=4&sr_order=popularity&srpvid=483d81aea540015c&srepoch=1764786432&all_sr_blocks=2877819_95152758_2_1_0_934684&highlighted_blocks=2877819_95152758_2_1_0_934684&matching_block_id=2877819_95152758_2_1_0_934684&sr_pri_blocks=2877819_95152758_2_1_0_934684_14924&nad_id=3f931983-386f-45e2-a830-7d8ae7a93629_12&nad_cpc=1.29&nad_track=eyJhdWN0aW9uRXBvY2giOjE3NjQ3ODYzOTc5MzcsInJhbmsiOjIsImtvZGRpVHJhY2tpbmdJbmZvIjoiVGd3S0t3VlVTbXJhcnpjYmFKUzkzUVVsVVM3eEwva2h0MmpxSk84U3piVmZ3M3JQeTNtUVdxSGlQK0UrakY0NmRCME5jVTZOM0xhcHpSbkwyR2hlTTAwSzBlVno2blpvb0RHNUFoM3NOSGVQcW1wVTdDcjMvanRwaVExL1I1SzRudlZhck90YmdzcGp2ejU3dklXVU1rMms4ZGxuRUg3SUZydG9mT1RWajZHWnlNZ0pCcG5NSXB4MVNJVnR5OXNrTWZZMUxvM1hzTXE4YWkwU29kWG1nQjN1S045OUJpM0l5KzhhQmpjSTZnNFBRMXJjNktXZHJFVStSOWZIeHNXa0VuWEVVTElCR0h1MTh2SGpwUmJadW40MTFxZzhCMDBHNEpISjNYczd6Y01mS1JGY0ZLOXRkMDlrSW96bUEzVVVQOHNPUHJVYkFOVmpoejZBcnh2Q0pvcEdiNi9rejhxRC9oSGxDL09PMlg1bmozZlRVT3MwQmhORkpOQy9MZUFIUzFabjZ2elMxSDlvZG1KYUZRQUlkWVduODBDMUVzdHBoYXZveU51YlZtdWlhcDYvTkJmZWUvOFRBZXVPYjB2czhKdzBhcGRrNzRmTFBJd2sxZ2k3TXlZc3RpTGgvVzdlc3RPT2hFL2tyeXU4SC9IZUhRaC9uaWIvZXhmVEJSWFlwM0NJYnR0QXV6L3hEMjlaeGc2VVRBcTFFYUw5bmJJaDF1akZ1UCtwYW8vMHFlTHUvNXFWUjVYZGdUNFZ3TUkyUVdOaDZNcWgrV2ExbnVhdHliV29LMjloNFFOa2QydjQ4T2tRSGV3WXJ0cEQ3SGhQWFlXd3prVXp4YllEK1IvTFYxUXF5UFM2RlNBU05INFA1RVJob0NTTHUreWxSMm45emdoWnNrcGRkeWMvcUFoODk1OXFteHFJR1BpUFk5YkJTSWxLek1SREpvcmtNcEE1dFdhZ1BvKzdVZHNzQ2d6a3orcy9DbEZOVC9wN0hNb25zbXFMSm5OalVNR1RodmpiQUNoQXdoMjBDZVk5L3FwSEZDaTVqUVlUODVUaDcxMVF5QnNDTmpmQWFRUTBCdC9Va2NidTJjTFZqdWd1QVZPME1IcHlLYloxdHo3ajByaCtTYit4bkpOL1N3cjRFcnd3ckQxYVE5ZGhCeC9BU3VtODhvbENFTEp6VWdEaEZuQ2VXN2xiRG92aFR6RnNhRjhnSzZsdmlSKzhSeW9ERURZandhcVVjSTh3dkNXdlF3K0JmblpLUDA2TEY0YzFTWnJJV2ljSkxLSnNTUFVOSG4zUTNCeGFzK3hCZ0lvb0RhaDBqVTRmczB0UEdqSHFXeXpUaVJ6VHhlc005ZnRZYVVCTlJmU0xTS2twbU91U2xGM1ZtelFNQzFQRGVZLzFldWNXQlA0djlUbzU3Q3ljSEx6UEpIRGRyc094RzN6K1dqV1BqekIvVmlaUVlLSmFWL1N6Z3lwVDNBanVrVzFReGNQTGFNQkFnb0JheU91ZlllVGFnbnNHMXRPVnZKVGRXaE1ENVpaNUpRMGxGTFFRN0NjMTJwT1ZDMHgzT0RUeEhDQkJLcXgyRVZGd0VxbjZVMkZjbnZIYlpzT2UxZVVTcHk1NHNQYXJmSElLUmpaVmxzVzdYbjR6cVA2cFFaS0V1U2FLMG9BOXF6MDAwMjBTcTRnSUUvRXhldHhsWUVRTVN1bmhya3FpNDhpUUE2SEFRRGk5VnN0QlRXQXF2VjdLOWdBMmlLblp6bHQ3ZHhLbGU4YlhlNnQ5QjQ5cWoxK3BySnNORTNIbHpxQ0s5ditIR0s2WHNHazhYM2RpTEZZTnFwZGhEZW1kRzBVKzlrYUtXUVpwTUxCWGFPTzUvZTZ3a2FwdVJyME5UYlNGUUVadFVDQ0RLZDJORGdsNVoyU0dKOEtNVGcza1lkTnBMZ0lCcmRlYjYrL3R5VDA0cU1NZm1BRkZDQm1SUlR6Zy9FMjAyamgyVllSYlQzOG1HU2NmbEVqc0JPOD0ifQ%3D%3D&nad_placement=SR_MAIN&from_sustainable_property_sr=1&from=searchresults
Hyatt Place Chicago/Downtown - The Loop,8.2,144,https://www.booking.com/hotel/us/hyatt-place-chicago-47-downtown-the-loop.html?aid=304142&label=gen173nr-10CAQoggJCDnNlYXJjaF9jaGljYWdvSDFYBGiUAogBAZgBM7gBF8gBDNgBA-gBAfgBAYgCAagCAbgC3YHCyQbAAgHSAiQ5OGNmZTVkOC1mOTdlLTRhODktOTFhNS1iOGU4NGFkOTI5MTXYAgHgAgE&ucfs=1&arphpl=1&checkin=2025-12-12&checkout=2025-12-13&group_adults=2&req_adults=2&no_rooms=1&group_children=0&req_children=0&hpos=5&hapos=5&sr_order=popularity&srpvid=483d81aea540015c&srepoch=1764786432&all_sr_blocks=135313306_93780303_2_2_0&highlighted_blocks=135313306_93780303_2_2_0&matching_block_id=135313306_93780303_2_2_0&sr_pri_blocks=135313306_93780303_2_2_0__14365&from=searchresults
Homewood Suites By Hilton Chicago Downtown South Loop,8,131,https://www.booking.com/hotel/us/homewood-suites-by-hilton-chicago-downtown-south-loop.html?aid=304142&label=gen173nr-10CAQoggJCDnNlYXJjaF9jaGljYWdvSDFYBGiUAogBAZgBM7gBF8gBDNgBA-gBAfgBAYgCAagCAbgC3YHCyQbAAgHSAiQ5OGNmZTVkOC1mOTdlLTRhODktOTFhNS1iOGU4NGFkOTI5MTXYAgHgAgE&ucfs=1&arphpl=1&checkin=2025-12-12&checkout=2025-12-13&group_adults=2&req_adults=2&no_rooms=1&group_children=0&req_children=0&hpos=6&hapos=6&sr_order=popularity&srpvid=483d81aea540015c&srepoch=1764786432&all_sr_blocks=463762201_402989542_2_1_0_1254594&highlighted_blocks=463762201_402989542_2_1_0_1254594&matching_block_id=463762201_402989542_2_1_0_1254594&sr_pri_blocks=463762201_402989542_2_1_0_1254594_13120&nad_id=3f931983-386f-45e2-a830-7d8ae7a93629_5&nad_cpc=1.48&nad_track=eyJhdWN0aW9uRXBvY2giOjE3NjQ3ODYzOTc5MzksInJhbmsiOjMsImtvZGRpVHJhY2tpbmdJbmZvIjoiVGd3S0t3VlVTbXJhcnpjYmFKUzkzUVVRVVJieEwwa2hsMmpxSk84U3piVmZ3M3JQeTNtUVdxSGlQK0UrakY0NmRCME5jVTZORkRIQi8wenJWbXBlTTAwSzBlVno2WFprb0RDNWJXS2pKaEE4VGlVekwrWTI2a0VNcFh5cXlJM0Nmbno0ajgvaDdYK09HVmRybmRic1BPNGsyWnV5RVhIei8va3RXbTRUTHE5RlY2NlpLTmJXYTVtcWVEUXV4V2VPR241Mk42MUJQWVgxdCtDL2ZMQzI0c2JYMDZyRFVaRVlJYWRaTzR6MTUxdTJVRktDOU9BVnpQNzFXd3ZVekR1SXp4NUNKS1FzQ1hZaVJHZUt4SU9yMXVHd3BZMDNXVXR6QXR1Um1LQUgzR2lXYWxUNnExbUlHNDlzZTBSQnM2SjNMZExZekRGRVRxTzE1Z1JWamg2ZU9rT2RkR0Y5UFJKS1c2eGMzeUQrMi9mQXJmb0psMVU2WDBWZUpOQUF2eVowaHdTZ3dTUDFOVVdCNGo1cWNWZlJlT2tYN2dSLzUxMWxrdlBlRUJRWmltYUVyQzE2S1BEQUE4aFF3bktTQlZMTzVhSytZVjJqY3prYXhjUVowWnlXWDVhMllzNUNWMVptR3JPZUVyc0tSQUF0RlBiMTJFVm5WTWpxOHBYcFN1K1FHN1F5WXRUTm4yM2RGa1lxS0diTWZ1UVdRbXN2UXlGZG16SXZxU3BidHhuWjZ0azUyWG1ob2lqRG8zbjFLOExUazJxQXRlQW9vNVh6ZXhGMUxRQm41UjEwVSs1alA2ZmIxdlVlS0g0ZVVrUnlPRHd1bVdGVDVWVm02Q2R0MEVZcmtWSlVudTI4ajljSjhtaGxsN2JndUpDbFNjTVFIaks5Mmo4dU9MY1JRSjlxeTdKaTcxaWNDR0NvQ2kzSDZuT0V0R3lQSzM2VzRJbWI4VVFJclpTS1R2N1VLbk05SGVVUlVXN1Vid3piRVQ0OHdzSGk5L3dVd3FmYTJwRFN4Vm1TSEJDakk5KzltYzgrSGU5U0hwZHZTVkJNT2JQTlVEWjhsRkV3U1V3Ull3cWdKay8vc1dnQ2lXQ2dFU1U5UDlQVjVxRW9ra3g3cE5zNnVLYWljSWVoRlcyRFFHTjZvdzBSS2l5U2F2Uno1OTZaMG9IU3M1ZEFLMDVDRzQvTTBCc25xRnFBNFZTNkNvZHZqNFVoa01SWjNjSnRSN3lEQXJGZm05SVFSNXlHaXE5bFg5bk9WMm50a3lkNk1qUDdERFhaWFprazJTZ0pFbUFzLzFta1V5Vk82dnZjZ3dQMjY3Q0FySTN3YmRWa2lmYVJFUGdrQmhpOTEyZDh4T0VYeEJUaTRObUloZWRQenRBNDB1WVZtelBGZGRQYUhSVmNFSURZVWRXaDRETUl2MVhsWVRMQ3pZdURrQkZPcXp1eGRDNjFkVzFQa1I5em0rcm1WZjlWdGllQ1NSSXZBeWdIMnRBSkg4OHVUNlUvZEp6d0dSOVR1ejh0Z09XOVcyM2Jtcmg1UFRHM042NVpCY0pMRTV3ZW4ydjh5MHF2d1E4aUhXeFYxaHN0SkVQaVdLOEVtbDlCT0c5ckV1eGJlNzJkYVI0SVpKS25FRTBseHBBZFpwNkFzeW9IRHc1OFcxSFQvOXIxN1pzdmtGUGVVT1FNdjZGTHM4T1V2ZzlYVGRlTDFGbXlOdk5ZVUR2dDVFS0JrSWlPWThPM0hMZHRhcG5VSzdDbnlOTnRCeURQd0k1T25TKzdiR0dTcVYyY2VTWWtRZW8zL1JIcmsvS2RWZ0JEcWJOaE5GbTBBMkFhQXJ4WTVuR3c2M3N3MGtjN0hjOGd2RCtod1RXS3VhajdBUEN4Y3Y0dmFVYzBZc2RPejIzUFVGTDFudS9ReWdIaDZxY3RaOTBxRldVTkkwaFgrS2liQm5DU2U4UHNjd2lZNS9qenJXelIycU1nY0FQNWM4UVl2U0xINlVBU1pBUnhqMXVRa0pwMnlPcUF6TTdUaTZwTCJ9&nad_placement=SR_MAIN&from=searchresults
HI Chicago Hostel,8.5,80,https://www.booking.com/hotel/us/hostelling-international-chicago.html?aid=304142&label=gen173nr-10CAQoggJCDnNlYXJjaF9jaGljYWdvSDFYBGiUAogBAZgBM7gBF8gBDNgBA-gBAfgBAYgCAagCAbgC3YHCyQbAAgHSAiQ5OGNmZTVkOC1mOTdlLTRhODktOTFhNS1iOGU4NGFkOTI5MTXYAgHgAgE&ucfs=1&arphpl=1&checkin=2025-12-12&checkout=2025-12-13&group_adults=2&req_adults=2&no_rooms=1&group_children=0&req_children=0&hpos=7&hapos=7&sr_order=popularity&srpvid=483d81aea540015c&srepoch=1764786432&all_sr_blocks=5613003_127781244_0_0_0&highlighted_blocks=5613003_127781244_0_0_0&matching_block_id=5613003_127781244_0_0_0&sr_pri_blocks=5613003_127781244_0_0_0__8000&from=searchresults
Travelodge by Wyndham Downtown Chicago,7.4,111,https://www.booking.com/hotel/us/chicago-t.html?aid=304142&label=gen173nr-10CAQoggJCDnNlYXJjaF9jaGljYWdvSDFYBGiUAogBAZgBM7gBF8gBDNgBA-gBAfgBAYgCAagCAbgC3YHCyQbAAgHSAiQ5OGNmZTVkOC1mOTdlLTRhODktOTFhNS1iOGU4NGFkOTI5MTXYAgHgAgE&ucfs=1&arphpl=1&checkin=2025-12-12&checkout=2025-12-13&group_adults=2&req_adults=2&no_rooms=1&group_children=0&req_children=0&hpos=8&hapos=8&sr_order=popularity&srpvid=483d81aea540015c&srepoch=1764786432&all_sr_blocks=5924324_246077187_2_0_0&highlighted_blocks=5924324_246077187_2_0_0&matching_block_id=5924324_246077187_2_0_0&sr_pri_blocks=5924324_246077187_2_0_0__11135&from=searchresults
Congress Plaza Hotel Chicago,7.4,119,https://www.booking.com/hotel/us/congress-plaza.html?aid=304142&label=gen173nr-10CAQoggJCDnNlYXJjaF9jaGljYWdvSDFYBGiUAogBAZgBM7gBF8gBDNgBA-gBAfgBAYgCAagCAbgC3YHCyQbAAgHSAiQ5OGNmZTVkOC1mOTdlLTRhODktOTFhNS1iOGU4NGFkOTI5MTXYAgHgAgE&ucfs=1&arphpl=1&checkin=2025-12-12&checkout=2025-12-13&group_adults=2&req_adults=2&no_rooms=1&group_children=0&req_children=0&hpos=9&hapos=9&sr_order=popularity&srpvid=483d81aea540015c&srepoch=1764786432&all_sr_blocks=5624405_198664145_0_42_0&highlighted_blocks=5624405_198664145_0_42_0&matching_block_id=5624405_198664145_0_42_0&sr_pri_blocks=5624405_198664145_0_42_0__11885&from=searchresults
The Study at the University of Chicago,9,229,https://www.booking.com/hotel/us/the-study-at-the-university-of-chicago.html?aid=304142&label=gen173nr-10CAQoggJCDnNlYXJjaF9jaGljYWdvSDFYBGiUAogBAZgBM7gBF8gBDNgBA-gBAfgBAYgCAagCAbgC3YHCyQbAAgHSAiQ5OGNmZTVkOC1mOTdlLTRhODktOTFhNS1iOGU4NGFkOTI5MTXYAgHgAgE&ucfs=1&arphpl=1&checkin=2025-12-12&checkout=2025-12-13&group_adults=2&req_adults=2&no_rooms=1&group_children=0&req_children=0&hpos=10&hapos=10&sr_order=popularity&srpvid=483d81aea540015c&srepoch=1764786432&all_sr_blocks=979916504_371031935_2_0_0&highlighted_blocks=979916504_371031935_2_0_0&matching_block_id=979916504_371031935_2_0_0&sr_pri_blocks=979916504_371031935_2_0_0__22900&from=searchresults
The Emily Hotel,8.8,558,https://www.booking.com/hotel/us/ace-chicago.html?aid=304142&label=gen173nr-10CAQoggJCDnNlYXJjaF9jaGljYWdvSDFYBGiUAogBAZgBM7gBF8gBDNgBA-gBAfgBAYgCAagCAbgC3YHCyQbAAgHSAiQ5OGNmZTVkOC1mOTdlLTRhODktOTFhNS1iOGU4NGFkOTI5MTXYAgHgAgE&ucfs=1&arphpl=1&checkin=2025-12-12&checkout=2025-12-13&group_adults=2&req_adults=2&no_rooms=1&group_children=0&req_children=0&hpos=11&hapos=11&sr_order=popularity&srpvid=483d81aea540015c&srepoch=1764786432&all_sr_blocks=234972305_100953960_4_0_0_251720&highlighted_blocks=234972305_100953960_4_0_0_251720&matching_block_id=234972305_100953960_4_0_0_251720&sr_pri_blocks=234972305_100953960_4_0_0_251720_55787&from=searchresults
citizenM Chicago Downtown,8.9,179,https://www.booking.com/hotel/us/citizenm-chicago-downtown.html?aid=304142&label=gen173nr-10CAQoggJCDnNlYXJjaF9jaGljYWdvSDFYBGiUAogBAZgBM7gBF8gBDNgBA-gBAfgBAYgCAagCAbgC3YHCyQbAAgHSAiQ5OGNmZTVkOC1mOTdlLTRhODktOTFhNS1iOGU4NGFkOTI5MTXYAgHgAgE&ucfs=1&arphpl=1&checkin=2025-12-12&checkout=2025-12-13&group_adults=2&req_adults=2&no_rooms=1&group_children=0&req_children=0&hpos=12&hapos=12&sr_order=popularity&srpvid=483d81aea540015c&srepoch=1764786432&all_sr_blocks=875869703_356521011_0_2_0&highlighted_blocks=875869703_356521011_0_2_0&matching_block_id=875869703_356521011_0_2_0&sr_pri_blocks=875869703_356521011_0_2_0__17900&from_sustainable_property_sr=1&from=searchresults
Hyatt Regency McCormick Place Chicago,8.3,199,https://www.booking.com/hotel/us/hyatt-regency-mccormick-place.html?aid=304142&label=gen173nr-10CAQoggJCDnNlYXJjaF9jaGljYWdvSDFYBGiUAogBAZgBM7gBF8gBDNgBA-gBAfgBAYgCAagCAbgC3YHCyQbAAgHSAiQ5OGNmZTVkOC1mOTdlLTRhODktOTFhNS1iOGU4NGFkOTI5MTXYAgHgAgE&ucfs=1&arphpl=1&checkin=2025-12-12&checkout=2025-12-13&group_adults=2&req_adults=2&no_rooms=1&group_children=0&req_children=0&hpos=13&hapos=13&sr_order=popularity&srpvid=483d81aea540015c&srepoch=1764786432&all_sr_blocks=18069416_107652775_3_2_0&highlighted_blocks=18069416_107652775_3_2_0&matching_block_id=18069416_107652775_3_2_0&sr_pri_blocks=18069416_107652775_3_2_0__21900&from=searchresults
La Quinta by Wyndham Chicago Downtown,7.9,125,https://www.booking.com/hotel/us/la-quinta-inn-chicago.html?aid=304142&label=gen173nr-10CAQoggJCDnNlYXJjaF9jaGljYWdvSDFYBGiUAogBAZgBM7gBF8gBDNgBA-gBAfgBAYgCAagCAbgC3YHCyQbAAgHSAiQ5OGNmZTVkOC1mOTdlLTRhODktOTFhNS1iOGU4NGFkOTI5MTXYAgHgAgE&ucfs=1&arphpl=1&checkin=2025-12-12&checkout=2025-12-13&group_adults=2&req_adults=2&no_rooms=1&group_children=0&req_children=0&hpos=14&hapos=14&sr_order=popularity&srpvid=483d81aea540015c&srepoch=1764786432&all_sr_blocks=40062602_243820509_2_1_0&highlighted_blocks=40062602_243820509_2_1_0&matching_block_id=40062602_243820509_2_1_0&sr_pri_blocks=40062602_243820509_2_1_0__14010&from=searchresults
Swissotel Chicago,8.5,251,https://www.booking.com/hotel/us/swhotelchicagochic.html?aid=304142&label=gen173nr-10CAQoggJCDnNlYXJjaF9jaGljYWdvSDFYBGiUAogBAZgBM7gBF8gBDNgBA-gBAfgBAYgCAagCAbgC3YHCyQbAAgHSAiQ5OGNmZTVkOC1mOTdlLTRhODktOTFhNS1iOGU4NGFkOTI5MTXYAgHgAgE&ucfs=1&arphpl=1&checkin=2025-12-12&checkout=2025-12-13&group_adults=2&req_adults=2&no_rooms=1&group_children=0&req_children=0&hpos=15&hapos=15&sr_order=popularity&srpvid=483d81aea540015c&srepoch=1764786432&all_sr_blocks=5573721_394532515_2_2_0_749459&highlighted_blocks=5573721_394532515_2_2_0_749459&matching_block_id=5573721_394532515_2_2_0_749459&sr_pri_blocks=5573721_394532515_2_2_0_749459_27610&from_sustainable_property_sr=1&from=searchresults
"Club Quarters Hotel Central Loop, Chicago",8.1,149,https://www.booking.com/hotel/us/club-quarters-central-loop.html?aid=304142&label=gen173nr-10CAQoggJCDnNlYXJjaF9jaGljYWdvSDFYBGiUAogBAZgBM7gBF8gBDNgBA-gBAfgBAYgCAagCAbgC3YHCyQbAAgHSAiQ5OGNmZTVkOC1mOTdlLTRhODktOTFhNS1iOGU4NGFkOTI5MTXYAgHgAgE&ucfs=1&arphpl=1&checkin=2025-12-12&checkout=2025-12-13&group_adults=2&req_adults=2&no_rooms=1&group_children=0&req_children=0&hpos=16&hapos=16&sr_order=popularity&srpvid=483d81aea540015c&srepoch=1764786432&all_sr_blocks=5606507_351865552_2_0_0&highlighted_blocks=5606507_351865552_2_0_0&matching_block_id=5606507_351865552_2_0_0&sr_pri_blocks=5606507_351865552_2_0_0__14900&from=searchresults
"Club Quarters Hotel Wacker at Michigan, Chicago",8.3,229,https://www.booking.com/hotel/us/club-quarters-wacker-at-michigan.html?aid=304142&label=gen173nr-10CAQoggJCDnNlYXJjaF9jaGljYWdvSDFYBGiUAogBAZgBM7gBF8gBDNgBA-gBAfgBAYgCAagCAbgC3YHCyQbAAgHSAiQ5OGNmZTVkOC1mOTdlLTRhODktOTFhNS1iOGU4NGFkOTI5MTXYAgHgAgE&ucfs=1&arphpl=1&checkin=2025-12-12&checkout=2025-12-13&group_adults=2&req_adults=2&no_rooms=1&group_children=0&req_children=0&hpos=17&hapos=17&sr_order=popularity&srpvid=483d81aea540015c&srepoch=1764786432&all_sr_blocks=5606101_351865512_2_0_0&highlighted_blocks=5606101_351865512_2_0_0&matching_block_id=5606101_351865512_2_0_0&sr_pri_blocks=5606101_351865512_2_0_0__22900&from=searchresults
Best Western Chicago Downtown-River North,7.4,114,https://www.booking.com/hotel/us/b-w-river-north-chicago-illinois.html?aid=304142&label=gen173nr-10CAQoggJCDnNlYXJjaF9jaGljYWdvSDFYBGiUAogBAZgBM7gBF8gBDNgBA-gBAfgBAYgCAagCAbgC3YHCyQbAAgHSAiQ5OGNmZTVkOC1mOTdlLTRhODktOTFhNS1iOGU4NGFkOTI5MTXYAgHgAgE&ucfs=1&arphpl=1&checkin=2025-12-12&checkout=2025-12-13&group_adults=2&req_adults=2&no_rooms=1&group_children=0&req_children=0&hpos=18&hapos=18&sr_order=popularity&srpvid=483d81aea540015c&srepoch=1764786432&all_sr_blocks=5957106_338223639_2_0_0&highlighted_blocks=5957106_338223639_2_0_0&matching_block_id=5957106_338223639_2_0_0&sr_pri_blocks=5957106_338223639_2_0_0__11398&from=searchresults
Hyatt Place Chicago Medical/University District,8.6,114,https://www.booking.com/hotel/us/hyatt-place-chicago-medical-university-district.html?aid=304142&label=gen173nr-10CAQoggJCDnNlYXJjaF9jaGljYWdvSDFYBGiUAogBAZgBM7gBF8gBDNgBA-gBAfgBAYgCAagCAbgC3YHCyQbAAgHSAiQ5OGNmZTVkOC1mOTdlLTRhODktOTFhNS1iOGU4NGFkOTI5MTXYAgHgAgE&ucfs=1&arphpl=1&checkin=2025-12-12&checkout=2025-12-13&group_adults=2&req_adults=2&no_rooms=1&group_children=0&req_children=0&hpos=19&hapos=19&sr_order=popularity&srpvid=483d81aea540015c&srepoch=1764786432&all_sr_blocks=643985605_264238258_2_1_0&highlighted_blocks=643985605_264238258_2_1_0&matching_block_id=643985605_264238258_2_1_0&sr_pri_blocks=643985605_264238258_2_1_0__11390&from=searchresults
Central Loop Hotel,8,149,https://www.booking.com/hotel/us/c-l-chicago-illinois.html?aid=304142&label=gen173nr-10CAQoggJCDnNlYXJjaF9jaGljYWdvSDFYBGiUAogBAZgBM7gBF8gBDNgBA-gBAfgBAYgCAagCAbgC3YHCyQbAAgHSAiQ5OGNmZTVkOC1mOTdlLTRhODktOTFhNS1iOGU4NGFkOTI5MTXYAgHgAgE&ucfs=1&arphpl=1&checkin=2025-12-12&checkout=2025-12-13&group_adults=2&req_adults=2&no_rooms=1&group_children=0&req_children=0&hpos=20&hapos=20&sr_order=popularity&srpvid=483d81aea540015c&srepoch=1764786432&all_sr_blocks=5936906_332729673_2_0_0&highlighted_blocks=5936906_332729673_2_0_0&matching_block_id=5936906_332729673_2_0_0&sr_pri_blocks=5936906_332729673_2_0_0__14900&from=searchresults
River Hotel,8.3,229,https://www.booking.com/hotel/us/the-chicago-river.html?aid=304142&label=gen173nr-10CAQoggJCDnNlYXJjaF9jaGljYWdvSDFYBGiUAogBAZgBM7gBF8gBDNgBA-gBAfgBAYgCAagCAbgC3YHCyQbAAgHSAiQ5OGNmZTVkOC1mOTdlLTRhODktOTFhNS1iOGU4NGFkOTI5MTXYAgHgAgE&ucfs=1&arphpl=1&checkin=2025-12-12&checkout=2025-12-13&group_adults=2&req_adults=2&no_rooms=1&group_children=0&req_children=0&hpos=21&hapos=21&sr_order=popularity&srpvid=483d81aea540015c&srepoch=1764786432&all_sr_blocks=4549502_332708551_2_0_0&highlighted_blocks=4549502_332708551_2_0_0&matching_block_id=4549502_332708551_2_0_0&sr_pri_blocks=4549502_332708551_2_0_0__22900&from=searchresults
"Claridge House Chicago, Tapestry Collection by Hilton",8.3,160,https://www.booking.com/hotel/us/claridge-house-chicago-tapestry-collection-by-hilton.html?aid=304142&label=gen173nr-10CAQoggJCDnNlYXJjaF9jaGljYWdvSDFYBGiUAogBAZgBM7gBF8gBDNgBA-gBAfgBAYgCAagCAbgC3YHCyQbAAgHSAiQ5OGNmZTVkOC1mOTdlLTRhODktOTFhNS1iOGU4NGFkOTI5MTXYAgHgAgE&ucfs=1&arphpl=1&checkin=2025-12-12&checkout=2025-12-13&group_adults=2&req_adults=2&no_rooms=1&group_children=0&req_children=0&hpos=22&hapos=22&sr_order=popularity&srpvid=483d81aea540015c&srepoch=1764786432&all_sr_blocks=18188831_95441594_2_0_0&highlighted_blocks=18188831_95441594_2_0_0&matching_block_id=18188831_95441594_2_0_0&sr_pri_blocks=18188831_95441594_2_0_0__18482&from=searchresults
Crowne Plaza - Chicago West Loop by IHG,8.4,143,https://www.booking.com/hotel/us/crown-plaza.html?aid=304142&label=gen173nr-10CAQoggJCDnNlYXJjaF9jaGljYWdvSDFYBGiUAogBAZgBM7gBF8gBDNgBA-gBAfgBAYgCAagCAbgC3YHCyQbAAgHSAiQ5OGNmZTVkOC1mOTdlLTRhODktOTFhNS1iOGU4NGFkOTI5MTXYAgHgAgE&ucfs=1&arphpl=1&checkin=2025-12-12&checkout=2025-12-13&group_adults=2&req_adults=2&no_rooms=1&group_children=0&req_children=0&hpos=23&hapos=23&sr_order=popularity&srpvid=483d81aea540015c&srepoch=1764786432&all_sr_blocks=18187214_95441610_2_42_0&highlighted_blocks=18187214_95441610_2_42_0&matching_block_id=18187214_95441610_2_42_0&sr_pri_blocks=18187214_95441610_2_42_0__14320&from=searchresults
Best Western Grant Park Hotel,7.5,93,https://www.booking.com/hotel/us/best-western-grant-park.html?aid=304142&label=gen173nr-10CAQoggJCDnNlYXJjaF9jaGljYWdvSDFYBGiUAogBAZgBM7gBF8gBDNgBA-gBAfgBAYgCAagCAbgC3YHCyQbAAgHSAiQ5OGNmZTVkOC1mOTdlLTRhODktOTFhNS1iOGU4NGFkOTI5MTXYAgHgAgE&ucfs=1&arphpl=1&checkin=2025-12-12&checkout=2025-12-13&group_adults=2&req_adults=2&no_rooms=1&group_children=0&req_children=0&hpos=24&hapos=24&sr_order=popularity&srpvid=483d81aea540015c&srepoch=1764786432&all_sr_blocks=5623824_94106656_2_42_0&highlighted_blocks=5623824_94106656_2_42_0&matching_block_id=5623824_94106656_2_42_0&sr_pri_blocks=5623824_94106656_2_42_0__9265&from=searchresults
"The Robey, Chicago, a Member of Design Hotels",8.6,279,https://www.booking.com/hotel/us/the-robey.html?aid=304142&label=gen173nr-10CAQoggJCDnNlYXJjaF9jaGljYWdvSDFYBGiUAogBAZgBM7gBF8gBDNgBA-gBAfgBAYgCAagCAbgC3YHCyQbAAgHSAiQ5OGNmZTVkOC1mOTdlLTRhODktOTFhNS1iOGU4NGFkOTI5MTXYAgHgAgE&ucfs=1&arphpl=1&checkin=2025-12-12&checkout=2025-12-13&group_adults=2&req_adults=2&no_rooms=1&group_children=0&req_children=0&hpos=25&hapos=25&sr_order=popularity&srpvid=483d81aea540015c&srepoch=1764786432&all_sr_blocks=190823909_117408224_0_0_0&highlighted_blocks=190823909_117408224_0_0_0&matching_block_id=190823909_117408224_0_0_0&sr_pri_blocks=190823909_117408224_0_0_0__30000&from=searchresults
Hyatt Place Chicago River North,8.6,175,https://www.booking.com/hotel/us/hyatt-place-chicago-river-north.html?aid=304142&label=gen173nr-10CAQoggJCDnNlYXJjaF9jaGljYWdvSDFYBGiUAogBAZgBM7gBF8gBDNgBA-gBAfgBAYgCAagCAbgC3YHCyQbAAgHSAiQ5OGNmZTVkOC1mOTdlLTRhODktOTFhNS1iOGU4NGFkOTI5MTXYAgHgAgE&ucfs=1&arphpl=1&checkin=2025-12-12&checkout=2025-12-13&group_adults=2&req_adults=2&no_rooms=1&group_children=0&req_children=0&hpos=26&hapos=26&sr_order=popularity&srpvid=483d81aea540015c&srepoch=1764786432&all_sr_blocks=59944302_106964545_2_1_0&highlighted_blocks=59944302_106964545_2_1_0&matching_block_id=59944302_106964545_2_1_0&sr_pri_blocks=59944302_106964545_2_1_0__17500&from=searchresults
Residence Inn by Marriott Chicago Downtown Magnificent Mile,8.9,259,https://www.booking.com/hotel/us/residence-inn-downtown-magnificent-mile.html?aid=304142&label=gen173nr-10CAQoggJCDnNlYXJjaF9jaGljYWdvSDFYBGiUAogBAZgBM7gBF8gBDNgBA-gBAfgBAYgCAagCAbgC3YHCyQbAAgHSAiQ5OGNmZTVkOC1mOTdlLTRhODktOTFhNS1iOGU4NGFkOTI5MTXYAgHgAgE&ucfs=1&arphpl=1&checkin=2025-12-12&checkout=2025-12-13&group_adults=2&req_adults=2&no_rooms=1&group_children=0&req_children=0&hpos=27&hapos=27&sr_order=popularity&srpvid=483d81aea540015c&srepoch=1764786432&all_sr_blocks=178869024_114384939_0_1_0&highlighted_blocks=178869024_114384939_0_1_0&matching_block_id=178869024_114384939_0_1_0&sr_pri_blocks=178869024_114384939_0_1_0__25900&from=searchresults
Embassy Suites by Hilton Chicago Downtown Magnificent Mile,7.9,127,https://www.booking.com/hotel/us/embassy-suites-chicago-downtown-lakefront.html?aid=304142&label=gen173nr-10CAQoggJCDnNlYXJjaF9jaGljYWdvSDFYBGiUAogBAZgBM7gBF8gBDNgBA-gBAfgBAYgCAagCAbgC3YHCyQbAAgHSAiQ5OGNmZTVkOC1mOTdlLTRhODktOTFhNS1iOGU4NGFkOTI5MTXYAgHgAgE&ucfs=1&arphpl=1&checkin=2025-12-12&checkout=2025-12-13&group_adults=2&req_adults=2&no_rooms=1&group_children=0&req_children=0&hpos=28&hapos=28&sr_order=popularity&srpvid=483d81aea540015c&srepoch=1764786432&all_sr_blocks=2880901_390103019_2_1_0&highlighted_blocks=2880901_390103019_2_1_0&matching_block_id=2880901_390103019_2_1_0&sr_pri_blocks=2880901_390103019_2_1_0__15220&from=searchresults
Godfrey Hotel Chicago,8.3,319,https://www.booking.com/hotel/us/godfrey-chicago.html?aid=304142&label=gen173nr-10CAQoggJCDnNlYXJjaF9jaGljYWdvSDFYBGiUAogBAZgBM7gBF8gBDNgBA-gBAfgBAYgCAagCAbgC3YHCyQbAAgHSAiQ5OGNmZTVkOC1mOTdlLTRhODktOTFhNS1iOGU4NGFkOTI5MTXYAgHgAgE&ucfs=1&arphpl=1&checkin=2025-12-12&checkout=2025-12-13&group_adults=2&req_adults=2&no_rooms=1&group_children=0&req_children=0&hpos=1&hapos=29&sr_order=popularity&srpvid=483d81aea540015c&srepoch=1764786428&all_sr_blocks=78332401_195755316_0_0_0&highlighted_blocks=78332401_195755316_0_0_0&matching_block_id=78332401_195755316_0_0_0&sr_pri_blocks=78332401_195755316_0_0_0__33900&from=searchresults
Le Meridien Essex Chicago,8.5,103,https://www.booking.com/hotel/us/essex-chicago.html?aid=304142&label=gen173nr-10CAQoggJCDnNlYXJjaF9jaGljYWdvSDFYBGiUAogBAZgBM7gBF8gBDNgBA-gBAfgBAYgCAagCAbgC3YHCyQbAAgHSAiQ5OGNmZTVkOC1mOTdlLTRhODktOTFhNS1iOGU4NGFkOTI5MTXYAgHgAgE&ucfs=1&arphpl=1&checkin=2025-12-12&checkout=2025-12-13&group_adults=2&req_adults=2&no_rooms=1&group_children=0&req_children=0&hpos=2&hapos=30&sr_order=popularity&srpvid=483d81aea540015c&srepoch=1764786428&all_sr_blocks=119324612_97566379_0_0_0&highlighted_blocks=119324612_97566379_0_0_0&matching_block_id=119324612_97566379_0_0_0&sr_pri_blocks=119324612_97566379_0_0_0__11800&from=searchresults
Hotel Lincoln,6.5,162,https://www.booking.com/hotel/us/lincoln-a-joie-de-vivre.html?aid=304142&label=gen173nr-10CAQoggJCDnNlYXJjaF9jaGljYWdvSDFYBGiUAogBAZgBM7gBF8gBDNgBA-gBAfgBAYgCAagCAbgC3YHCyQbAAgHSAiQ5OGNmZTVkOC1mOTdlLTRhODktOTFhNS1iOGU4NGFkOTI5MTXYAgHgAgE&ucfs=1&arphpl=1&checkin=2025-12-12&checkout=2025-12-13&group_adults=2&req_adults=2&no_rooms=1&group_children=0&req_children=0&hpos=3&hapos=31&sr_order=popularity&srpvid=483d81aea540015c&srepoch=1764786428&all_sr_blocks=37440035_335353704_2_42_0&highlighted_blocks=37440035_335353704_2_42_0&matching_block_id=37440035_335353704_2_42_0&sr_pri_blocks=37440035_335353704_2_42_0__17700&from=searchresults
Chinatown Hotel Chicago,5.7,68,https://www.booking.com/hotel/us/chinatown-chicago.html?aid=304142&label=gen173nr-10CAQoggJCDnNlYXJjaF9jaGljYWdvSDFYBGiUAogBAZgBM7gBF8gBDNgBA-gBAfgBAYgCAagCAbgC3YHCyQbAAgHSAiQ5OGNmZTVkOC1mOTdlLTRhODktOTFhNS1iOGU4NGFkOTI5MTXYAgHgAgE&ucfs=1&arphpl=1&checkin=2025-12-12&checkout=2025-12-13&group_adults=2&req_adults=2&no_rooms=1&group_children=0&req_children=0&hpos=4&hapos=32&sr_order=popularity&srpvid=483d81aea540015c&srepoch=1764786428&all_sr_blocks=18078301_273896424_2_0_0&highlighted_blocks=18078301_273896424_2_0_0&matching_block_id=18078301_273896424_2_0_0&sr_pri_blocks=18078301_273896424_2_0_0__6750&from=searchresults
L7 Chicago by LOTTE,9.2,271,https://www.booking.com/hotel/us/monaco-chicago.html?aid=304142&label=gen173nr-10CAQoggJCDnNlYXJjaF9jaGljYWdvSDFYBGiUAogBAZgBM7gBF8gBDNgBA-gBAfgBAYgCAagCAbgC3YHCyQbAAgHSAiQ5OGNmZTVkOC1mOTdlLTRhODktOTFhNS1iOGU4NGFkOTI5MTXYAgHgAgE&ucfs=1&arphpl=1&checkin=2025-12-12&checkout=2025-12-13&group_adults=2&req_adults=2&no_rooms=1&group_children=0&req_children=0&hpos=5&hapos=33&sr_order=popularity&srpvid=483d81aea540015c&srepoch=1764786428&all_sr_blocks=4547801_94267107_2_2_0&highlighted_blocks=4547801_94267107_2_2_0&matching_block_id=4547801_94267107_2_2_0&sr_pri_blocks=4547801_94267107_2_2_0__27090&from=searchresults
The Wade,8.1,159,https://www.booking.com/hotel/us/w-chicago-lakeshore.html?aid=304142&label=gen173nr-10CAQoggJCDnNlYXJjaF9jaGljYWdvSDFYBGiUAogBAZgBM7gBF8gBDNgBA-gBAfgBAYgCAagCAbgC3YHCyQbAAgHSAiQ5OGNmZTVkOC1mOTdlLTRhODktOTFhNS1iOGU4NGFkOTI5MTXYAgHgAgE&ucfs=1&arphpl=1&checkin=2025-12-12&checkout=2025-12-13&group_adults=2&req_adults=2&no_rooms=1&group_children=0&req_children=0&hpos=6&hapos=34&sr_order=popularity&srpvid=483d81aea540015c&srepoch=1764786428&all_sr_blocks=5690132_408631076_0_2_0&highlighted_blocks=5690132_408631076_0_2_0&matching_block_id=5690132_408631076_0_2_0&sr_pri_blocks=5690132_408631076_0_2_0__15900&from=searchresults
Arlo Chicago,8.8,336,https://www.booking.com/hotel/us/julian-chicago-chicago1.html?aid=304142&label=gen173nr-10CAQoggJCDnNlYXJjaF9jaGljYWdvSDFYBGiUAogBAZgBM7gBF8gBDNgBA-gBAfgBAYgCAagCAbgC3YHCyQbAAgHSAiQ5OGNmZTVkOC1mOTdlLTRhODktOTFhNS1iOGU4NGFkOTI5MTXYAgHgAgE&ucfs=1&arphpl=1&checkin=2025-12-12&checkout=2025-12-13&group_adults=2&req_adults=2&no_rooms=1&group_children=0&req_children=0&hpos=7&hapos=35&sr_order=popularity&srpvid=483d81aea540015c&srepoch=1764786428&all_sr_blocks=396160601_123038611_2_0_0_1208849&highlighted_blocks=396160601_123038611_2_0_0_1208849&matching_block_id=396160601_123038611_2_0_0_1208849&sr_pri_blocks=396160601_123038611_2_0_0_1208849_36075&from=searchresults
"Radisson Blu Aqua Hotel, Chicago",7.9,209,https://www.booking.com/hotel/us/radisson-blu-aqua-chicago.html?aid=304142&label=gen173nr-10CAQoggJCDnNlYXJjaF9jaGljYWdvSDFYBGiUAogBAZgBM7gBF8gBDNgBA-gBAfgBAYgCAagCAbgC3YHCyQbAAgHSAiQ5OGNmZTVkOC1mOTdlLTRhODktOTFhNS1iOGU4NGFkOTI5MTXYAgHgAgE&ucfs=1&arphpl=1&checkin=2025-12-12&checkout=2025-12-13&group_adults=2&req_adults=2&no_rooms=1&group_children=0&req_children=0&hpos=8&hapos=36&sr_order=popularity&srpvid=483d81aea540015c&srepoch=1764786428&all_sr_blocks=52229830_111883619_2_2_0&highlighted_blocks=52229830_111883619_2_2_0&matching_block_id=52229830_111883619_2_2_0&sr_pri_blocks=52229830_111883619_2_2_0__23500&from_sustainable_property_sr=1&from=searchresults
The Royal Sonesta Chicago River North,8.6,175,https://www.booking.com/hotel/us/royal-sonesta-chicago-river-north.html?aid=304142&label=gen173nr-10CAQoggJCDnNlYXJjaF9jaGljYWdvSDFYBGiUAogBAZgBM7gBF8gBDNgBA-gBAfgBAYgCAagCAbgC3YHCyQbAAgHSAiQ5OGNmZTVkOC1mOTdlLTRhODktOTFhNS1iOGU4NGFkOTI5MTXYAgHgAgE&ucfs=1&arphpl=1&checkin=2025-12-12&checkout=2025-12-13&group_adults=2&req_adults=2&no_rooms=1&group_children=0&req_children=0&hpos=9&hapos=37&sr_order=popularity&srpvid=483d81aea540015c&srepoch=1764786428&all_sr_blocks=23992301_94359339_2_0_0&highlighted_blocks=23992301_94359339_2_0_0&matching_block_id=23992301_94359339_2_0_0&sr_pri_blocks=23992301_94359339_2_0_0__20226&from=searchresults
Aloft Chicago Downtown River North,8.7,140,https://www.booking.com/hotel/us/aloft-chicago-city-center.html?aid=304142&label=gen173nr-10CAQoggJCDnNlYXJjaF9jaGljYWdvSDFYBGiUAogBAZgBM7gBF8gBDNgBA-gBAfgBAYgCAagCAbgC3YHCyQbAAgHSAiQ5OGNmZTVkOC1mOTdlLTRhODktOTFhNS1iOGU4NGFkOTI5MTXYAgHgAgE&ucfs=1&arphpl=1&checkin=2025-12-12&checkout=2025-12-13&group_adults=2&req_adults=2&no_rooms=1&group_children=0&req_children=0&hpos=10&hapos=38&sr_order=popularity&srpvid=483d81aea540015c&srepoch=1764786428&all_sr_blocks=59944408_94497040_0_2_0&highlighted_blocks=59944408_94497040_0_2_0&matching_block_id=59944408_94497040_0_2_0&sr_pri_blocks=59944408_94497040_0_2_0__14000&from=searchresults
Trump International Hotel & Tower Chicago,9.2,469,https://www.booking.com/hotel/us/trump-international-tower-chicago.html?aid=304142&label=gen173nr-10CAQoggJCDnNlYXJjaF9jaGljYWdvSDFYBGiUAogBAZgBM7gBF8gBDNgBA-gBAfgBAYgCAagCAbgC3YHCyQbAAgHSAiQ5OGNmZTVkOC1mOTdlLTRhODktOTFhNS1iOGU4NGFkOTI5MTXYAgHgAgE&ucfs=1&arphpl=1&checkin=2025-12-12&checkout=2025-12-13&group_adults=2&req_adults=2&no_rooms=1&group_children=0&req_children=0&hpos=11&hapos=39&sr_order=popularity&srpvid=483d81aea540015c&srepoch=1764786428&all_sr_blocks=29566107_88763752_2_42_0&highlighted_blocks=29566107_88763752_2_42_0&matching_block_id=29566107_88763752_2_42_0&sr_pri_blocks=29566107_88763752_2_42_0__46875&from=searchresults
Aloft Chicago Mag Mile,8.2,128,https://www.booking.com/hotel/us/aloft-chicago-mag-mile.html?aid=304142&label=gen173nr-10CAQoggJCDnNlYXJjaF9jaGljYWdvSDFYBGiUAogBAZgBM7gBF8gBDNgBA-gBAfgBAYgCAagCAbgC3YHCyQbAAgHSAiQ5OGNmZTVkOC1mOTdlLTRhODktOTFhNS1iOGU4NGFkOTI5MTXYAgHgAgE&ucfs=1&arphpl=1&checkin=2025-12-12&checkout=2025-12-13&group_adults=2&req_adults=2&no_rooms=1&group_children=0&req_children=0&hpos=12&hapos=40&sr_order=popularity&srpvid=483d81aea540015c&srepoch=1764786428&all_sr_blocks=373274228_120035579_0_0_0&highlighted_blocks=373274228_120035579_0_0_0&matching_block_id=373274228_120035579_0_0_0&sr_pri_blocks=373274228_120035579_0_0_0__12800&from=searchresults
Hyatt House Chicago West Loop-Fulton Market,8.5,161,https://www.booking.com/hotel/us/hyatt-house-chicago-west-loop.html?aid=304142&label=gen173nr-10CAQoggJCDnNlYXJjaF9jaGljYWdvSDFYBGiUAogBAZgBM7gBF8gBDNgBA-gBAfgBAYgCAagCAbgC3YHCyQbAAgHSAiQ5OGNmZTVkOC1mOTdlLTRhODktOTFhNS1iOGU4NGFkOTI5MTXYAgHgAgE&ucfs=1&arphpl=1&checkin=2025-12-12&checkout=2025-12-13&group_adults=2&req_adults=2&no_rooms=1&group_children=0&req_children=0&hpos=13&hapos=41&sr_order=popularity&srpvid=483d81aea540015c&srepoch=1764786428&all_sr_blocks=482758301_156476311_2_1_0&highlighted_blocks=482758301_156476311_2_1_0&matching_block_id=482758301_156476311_2_1_0&sr_pri_blocks=482758301_156476311_2_1_0__16110&from=searchresults
"THE MIDLAND HOTEL, Chicago, a Tribute Portfolio Hotel",8.2,119,https://www.booking.com/hotel/us/w-chicago-city-center.html?aid=304142&label=gen173nr-10CAQoggJCDnNlYXJjaF9jaGljYWdvSDFYBGiUAogBAZgBM7gBF8gBDNgBA-gBAfgBAYgCAagCAbgC3YHCyQbAAgHSAiQ5OGNmZTVkOC1mOTdlLTRhODktOTFhNS1iOGU4NGFkOTI5MTXYAgHgAgE&ucfs=1&arphpl=1&checkin=2025-12-12&checkout=2025-12-13&group_adults=2&req_adults=2&no_rooms=1&group_children=0&req_children=0&hpos=14&hapos=42&sr_order=popularity&srpvid=483d81aea540015c&srepoch=1764786428&all_sr_blocks=5689644_406673695_0_42_0&highlighted_blocks=5689644_406673695_0_42_0&matching_block_id=5689644_406673695_0_42_0&sr_pri_blocks=5689644_406673695_0_42_0__11900&from=searchresults
Hyatt Regency Chicago,8.7,229,https://www.booking.com/hotel/us/hyatt-regency-chicago.html?aid=304142&label=gen173nr-10CAQoggJCDnNlYXJjaF9jaGljYWdvSDFYBGiUAogBAZgBM7gBF8gBDNgBA-gBAfgBAYgCAagCAbgC3YHCyQbAAgHSAiQ5OGNmZTVkOC1mOTdlLTRhODktOTFhNS1iOGU4NGFkOTI5MTXYAgHgAgE&ucfs=1&arphpl=1&checkin=2025-12-12&checkout=2025-12-13&group_adults=2&req_adults=2&no_rooms=1&group_children=0&req_children=0&hpos=15&hapos=43&sr_order=popularity&srpvid=483d81aea540015c&srepoch=1764786428&all_sr_blocks=4668724_334865095_2_2_0&highlighted_blocks=4668724_334865095_2_2_0&matching_block_id=4668724_334865095_2_2_0&sr_pri_blocks=4668724_334865095_2_2_0__25400&from_sustainable_property_sr=1&from=searchresults
Fairfield Inn and Suites Chicago Downtown-River North,8.4,136,https://www.booking.com/hotel/us/inn-and-suites-chicago-downtown-river-north.html?aid=304142&label=gen173nr-10CAQoggJCDnNlYXJjaF9jaGljYWdvSDFYBGiUAogBAZgBM7gBF8gBDNgBA-gBAfgBAYgCAagCAbgC3YHCyQbAAgHSAiQ5OGNmZTVkOC1mOTdlLTRhODktOTFhNS1iOGU4NGFkOTI5MTXYAgHgAgE&ucfs=1&arphpl=1&checkin=2025-12-12&checkout=2025-12-13&group_adults=2&req_adults=2&no_rooms=1&group_children=0&req_children=0&hpos=16&hapos=44&sr_order=popularity&srpvid=483d81aea540015c&srepoch=1764786428&all_sr_blocks=44674201_94468046_0_1_0&highlighted_blocks=44674201_94468046_0_1_0&matching_block_id=44674201_94468046_0_1_0&sr_pri_blocks=44674201_94468046_0_1_0__13640&from=searchresults
Level Chicago Fulton Market,8.9,335,https://www.booking.com/hotel/us/level-chicago-fulton-market-chicago.html?aid=304142&label=gen173nr-10CAQoggJCDnNlYXJjaF9jaGljYWdvSDFYBGiUAogBAZgBM7gBF8gBDNgBA-gBAfgBAYgCAagCAbgC3YHCyQbAAgHSAiQ5OGNmZTVkOC1mOTdlLTRhODktOTFhNS1iOGU4NGFkOTI5MTXYAgHgAgE&ucfs=1&arphpl=1&checkin=2025-12-12&checkout=2025-12-13&group_adults=2&req_adults=2&no_rooms=1&group_children=0&req_children=0&hpos=17&hapos=45&sr_order=popularity&srpvid=483d81aea540015c&srepoch=1764786428&all_sr_blocks=1042012801_376622506_4_0_0&highlighted_blocks=1042012801_376622506_4_0_0&matching_block_id=1042012801_376622506_4_0_0&sr_pri_blocks=1042012801_376622506_4_0_0__35712&from=searchresults
voco Chicago Downtown - Riverwalk by IHG,8.2,135,https://www.booking.com/hotel/us/voco-chicago-downtown-an-ihg.html?aid=304142&label=gen173nr-10CAQoggJCDnNlYXJjaF9jaGljYWdvSDFYBGiUAogBAZgBM7gBF8gBDNgBA-gBAfgBAYgCAagCAbgC3YHCyQbAAgHSAiQ5OGNmZTVkOC1mOTdlLTRhODktOTFhNS1iOGU4NGFkOTI5MTXYAgHgAgE&ucfs=1&arphpl=1&checkin=2025-12-12&checkout=2025-12-13&group_adults=2&req_adults=2&no_rooms=1&group_children=0&req_children=0&hpos=18&hapos=46&sr_order=popularity&srpvid=483d81aea540015c&srepoch=1764786428&all_sr_blocks=833546522_348648183_3_34_0&highlighted_blocks=833546522_348648183_3_34_0&matching_block_id=833546522_348648183_3_34_0&sr_pri_blocks=833546522_348648183_3_34_0__13520&from=searchresults
Hyatt Centric The Loop Chicago,8.5,135,https://www.booking.com/hotel/us/hyatt-centric-the-loop-chicago.html?aid=304142&label=gen173nr-10CAQoggJCDnNlYXJjaF9jaGljYWdvSDFYBGiUAogBAZgBM7gBF8gBDNgBA-gBAfgBAYgCAagCAbgC3YHCyQbAAgHSAiQ5OGNmZTVkOC1mOTdlLTRhODktOTFhNS1iOGU4NGFkOTI5MTXYAgHgAgE&ucfs=1&arphpl=1&checkin=2025-12-12&checkout=2025-12-13&group_adults=2&req_adults=2&no_rooms=1&group_children=0&req_children=0&hpos=19&hapos=47&sr_order=popularity&srpvid=483d81aea540015c&srepoch=1764786428&all_sr_blocks=131690315_93779470_2_0_0&highlighted_blocks=131690315_93779470_2_0_0&matching_block_id=131690315_93779470_2_0_0&sr_pri_blocks=131690315_93779470_2_0_0__13515&from=searchresults
Sofitel Chicago Magnificent Mile,8.7,170,https://www.booking.com/hotel/us/chicago-water-tower.html?aid=304142&label=gen173nr-10CAQoggJCDnNlYXJjaF9jaGljYWdvSDFYBGiUAogBAZgBM7gBF8gBDNgBA-gBAfgBAYgCAagCAbgC3YHCyQbAAgHSAiQ5OGNmZTVkOC1mOTdlLTRhODktOTFhNS1iOGU4NGFkOTI5MTXYAgHgAgE&ucfs=1&arphpl=1&checkin=2025-12-12&checkout=2025-12-13&group_adults=2&req_adults=2&no_rooms=1&group_children=0&req_children=0&hpos=20&hapos=48&sr_order=popularity&srpvid=483d81aea540015c&srepoch=1764786428&all_sr_blocks=5747811_91459013_2_42_0&highlighted_blocks=5747811_91459013_2_42_0&matching_block_id=5747811_91459013_2_42_0&sr_pri_blocks=5747811_91459013_2_42_0__19510&from=searchresults
Courtyard Chicago Downtown/Magnificent Mile,8.3,170,https://www.booking.com/hotel/us/courtyard-chicago-downtown-magnificent-mile.html?aid=304142&label=gen173nr-10CAQoggJCDnNlYXJjaF9jaGljYWdvSDFYBGiUAogBAZgBM7gBF8gBDNgBA-gBAfgBAYgCAagCAbgC3YHCyQbAAgHSAiQ5OGNmZTVkOC1mOTdlLTRhODktOTFhNS1iOGU4NGFkOTI5MTXYAgHgAgE&ucfs=1&arphpl=1&checkin=2025-12-12&checkout=2025-12-13&group_adults=2&req_adults=2&no_rooms=1&group_children=0&req_children=0&hpos=21&hapos=49&sr_order=popularity&srpvid=483d81aea540015c&srepoch=1764786428&all_sr_blocks=26531018_402058826_0_0_0&highlighted_blocks=26531018_402058826_0_0_0&matching_block_id=26531018_402058826_0_0_0&sr_pri_blocks=26531018_402058826_0_0_0__17000&from=searchresults
Hampton Inn Chicago West Loop Fulton Market Area,8.8,119,https://www.booking.com/hotel/us/hampton-inn-chicago-west-loop.html?aid=304142&label=gen173nr-10CAQoggJCDnNlYXJjaF9jaGljYWdvSDFYBGiUAogBAZgBM7gBF8gBDNgBA-gBAfgBAYgCAagCAbgC3YHCyQbAAgHSAiQ5OGNmZTVkOC1mOTdlLTRhODktOTFhNS1iOGU4NGFkOTI5MTXYAgHgAgE&ucfs=1&arphpl=1&checkin=2025-12-12&checkout=2025-12-13&group_adults=2&req_adults=2&no_rooms=1&group_children=0&req_children=0&hpos=22&hapos=50&sr_order=popularity&srpvid=483d81aea540015c&srepoch=1764786428&all_sr_blocks=190902702_402984997_2_1_0_1253854&highlighted_blocks=190902702_402984997_2_1_0_1253854&matching_block_id=190902702_402984997_2_1_0_1253854&sr_pri_blocks=190902702_402984997_2_1_0_1253854_11920&from_sustainable_property_sr=1&from=searchresults
Level Chicago - Old Town,8.9,479,https://www.booking.com/hotel/us/level-old-town.html?aid=304142&label=gen173nr-10CAQoggJCDnNlYXJjaF9jaGljYWdvSDFYBGiUAogBAZgBM7gBF8gBDNgBA-gBAfgBAYgCAagCAbgC3YHCyQbAAgHSAiQ5OGNmZTVkOC1mOTdlLTRhODktOTFhNS1iOGU4NGFkOTI5MTXYAgHgAgE&ucfs=1&arphpl=1&checkin=2025-12-12&checkout=2025-12-13&group_adults=2&req_adults=2&no_rooms=1&group_children=0&req_children=0&hpos=23&hapos=51&sr_order=popularity&srpvid=483d81aea540015c&srepoch=1764786428&all_sr_blocks=449520806_340070607_4_0_0_251718&highlighted_blocks=449520806_340070607_4_0_0_251718&matching_block_id=449520806_340070607_4_0_0_251718&sr_pri_blocks=449520806_340070607_4_0_0_251718_50110&from=searchresults
Hyatt Centric Chicago Magnificent Mile,8.2,144,https://www.booking.com/hotel/us/hyatt-centric-chicago-magnificent-mile.html?aid=304142&label=gen173nr-10CAQoggJCDnNlYXJjaF9jaGljYWdvSDFYBGiUAogBAZgBM7gBF8gBDNgBA-gBAfgBAYgCAagCAbgC3YHCyQbAAgHSAiQ5OGNmZTVkOC1mOTdlLTRhODktOTFhNS1iOGU4NGFkOTI5MTXYAgHgAgE&ucfs=1&arphpl=1&checkin=2025-12-12&checkout=2025-12-13&group_adults=2&req_adults=2&no_rooms=1&group_children=0&req_children=0&hpos=1&hapos=52&sr_order=popularity&srpvid=483d81aea540015c&srepoch=1764786432&all_sr_blocks=7950512_94109109_2_0_0&highlighted_blocks=7950512_94109109_2_0_0&matching_block_id=7950512_94109109_2_0_0&sr_pri_blocks=7950512_94109109_2_0_0__16865&from=searchresults
DoubleTree by Hilton Chicago Magnificent Mile,7.8,123,https://www.booking.com/hotel/us/doubletree-chicago-magnificent-mile.html?aid=304142&label=gen173nr-10CAQoggJCDnNlYXJjaF9jaGljYWdvSDFYBGiUAogBAZgBM7gBF8gBDNgBA-gBAfgBAYgCAagCAbgC3YHCyQbAAgHSAiQ5OGNmZTVkOC1mOTdlLTRhODktOTFhNS1iOGU4NGFkOTI5MTXYAgHgAgE&ucfs=1&arphpl=1&checkin=2025-12-12&checkout=2025-12-13&group_adults=2&req_adults=2&no_rooms=1&group_children=0&req_children=0&hpos=2&hapos=53&sr_order=popularity&srpvid=483d81aea540015c&srepoch=1764786432&all_sr_blocks=2878816_95462376_2_2_0&highlighted_blocks=2878816_95462376_2_2_0&matching_block_id=2878816_95462376_2_2_0&sr_pri_blocks=2878816_95462376_2_2_0__12300&from=searchresults
Sheraton Grand Chicago Riverwalk,8.2,169,https://www.booking.com/hotel/us/sheraton-chicago-towers.html?aid=304142&label=gen173nr-10CAQoggJCDnNlYXJjaF9jaGljYWdvSDFYBGiUAogBAZgBM7gBF8gBDNgBA-gBAfgBAYgCAagCAbgC3YHCyQbAAgHSAiQ5OGNmZTVkOC1mOTdlLTRhODktOTFhNS1iOGU4NGFkOTI5MTXYAgHgAgE&ucfs=1&arphpl=1&checkin=2025-12-12&checkout=2025-12-13&group_adults=2&req_adults=2&no_rooms=1&group_children=0&req_children=0&hpos=3&hapos=54&sr_order=popularity&srpvid=483d81aea540015c&srepoch=1764786432&all_sr_blocks=5672043_94106769_0_2_0&highlighted_blocks=5672043_94106769_0_2_0&matching_block_id=5672043_94106769_0_2_0&sr_pri_blocks=5672043_94106769_0_2_0__19900&from=searchresults
Hilton Garden Inn Chicago Downtown South Loop,8,155,https://www.booking.com/hotel/us/hilton-garden-inn-chicago-downtown-south-loop.html?aid=304142&label=gen173nr-10CAQoggJCDnNlYXJjaF9jaGljYWdvSDFYBGiUAogBAZgBM7gBF8gBDNgBA-gBAfgBAYgCAagCAbgC3YHCyQbAAgHSAiQ5OGNmZTVkOC1mOTdlLTRhODktOTFhNS1iOGU4NGFkOTI5MTXYAgHgAgE&ucfs=1&arphpl=1&checkin=2025-12-12&checkout=2025-12-13&group_adults=2&req_adults=2&no_rooms=1&group_children=0&req_children=0&hpos=4&hapos=55&sr_order=popularity&srpvid=483d81aea540015c&srepoch=1764786432&all_sr_blocks=463762103_402985333_2_2_0_1254593&highlighted_blocks=463762103_402985333_2_2_0_1254593&matching_block_id=463762103_402985333_2_2_0_1254593&sr_pri_blocks=463762103_402985333_2_2_0_1254593_15520&from=searchresults
Moxy Chicago Downtown,9.1,140,https://www.booking.com/hotel/us/moxy-chicago-downtown.html?aid=304142&label=gen173nr-10CAQoggJCDnNlYXJjaF9jaGljYWdvSDFYBGiUAogBAZgBM7gBF8gBDNgBA-gBAfgBAYgCAagCAbgC3YHCyQbAAgHSAiQ5OGNmZTVkOC1mOTdlLTRhODktOTFhNS1iOGU4NGFkOTI5MTXYAgHgAgE&ucfs=1&arphpl=1&checkin=2025-12-12&checkout=2025-12-13&group_adults=2&req_adults=2&no_rooms=1&group_children=0&req_children=0&hpos=5&hapos=56&sr_order=popularity&srpvid=483d81aea540015c&srepoch=1764786432&all_sr_blocks=324696201_114803189_0_0_0&highlighted_blocks=324696201_114803189_0_0_0&matching_block_id=324696201_114803189_0_0_0&sr_pri_blocks=324696201_114803189_0_0_0__13950&from=searchresults
Homewood Suites by Hilton Chicago Downtown - Magnificent Mile,7.8,135,https://www.booking.com/hotel/us/a-h-chicago-chicago-illinois.html?aid=304142&label=gen173nr-10CAQoggJCDnNlYXJjaF9jaGljYWdvSDFYBGiUAogBAZgBM7gBF8gBDNgBA-gBAfgBAYgCAagCAbgC3YHCyQbAAgHSAiQ5OGNmZTVkOC1mOTdlLTRhODktOTFhNS1iOGU4NGFkOTI5MTXYAgHgAgE&ucfs=1&arphpl=1&checkin=2025-12-12&checkout=2025-12-13&group_adults=2&req_adults=2&no_rooms=1&group_children=0&req_children=0&hpos=6&hapos=57&sr_order=popularity&srpvid=483d81aea540015c&srepoch=1764786432&all_sr_blocks=5955803_402988364_2_1_0_1250680&highlighted_blocks=5955803_402988364_2_1_0_1250680&matching_block_id=5955803_402988364_2_1_0_1250680&sr_pri_blocks=5955803_402988364_2_1_0_1250680_13520&from_sustainable_property_sr=1&from=searchresults
Kinzie Hotel,8.7,179,https://www.booking.com/hotel/us/amalfi-chicago.html?aid=304142&label=gen173nr-10CAQoggJCDnNlYXJjaF9jaGljYWdvSDFYBGiUAogBAZgBM7gBF8gBDNgBA-gBAfgBAYgCAagCAbgC3YHCyQbAAgHSAiQ5OGNmZTVkOC1mOTdlLTRhODktOTFhNS1iOGU4NGFkOTI5MTXYAgHgAgE&ucfs=1&arphpl=1&checkin=2025-12-12&checkout=2025-12-13&group_adults=2&req_adults=2&no_rooms=1&group_children=0&req_children=0&hpos=7&hapos=58&sr_order=popularity&srpvid=483d81aea540015c&srepoch=1764786432&all_sr_blocks=5588101_196447119_0_1_0&highlighted_blocks=5588101_196447119_0_1_0&matching_block_id=5588101_196447119_0_1_0&sr_pri_blocks=5588101_196447119_0_1_0__21395&from=searchresults
Hyatt House Chicago Medical/University District,8.6,110,https://www.booking.com/hotel/us/hyatt-house-chicago-medical-university-district.html?aid=304142&label=gen173nr-10CAQoggJCDnNlYXJjaF9jaGljYWdvSDFYBGiUAogBAZgBM7gBF8gBDNgBA-gBAfgBAYgCAagCAbgC3YHCyQbAAgHSAiQ5OGNmZTVkOC1mOTdlLTRhODktOTFhNS1iOGU4NGFkOTI5MTXYAgHgAgE&ucfs=1&arphpl=1&checkin=2025-12-12&checkout=2025-12-13&group_adults=2&req_adults=2&no_rooms=1&group_children=0&req_children=0&hpos=8&hapos=59&sr_order=popularity&srpvid=483d81aea540015c&srepoch=1764786432&all_sr_blocks=643985301_264238283_2_1_0&highlighted_blocks=643985301_264238283_2_1_0&matching_block_id=643985301_264238283_2_1_0&sr_pri_blocks=643985301_264238283_2_1_0__10965&from=searchresults
"LondonHouse Chicago, Curio Collection by Hilton",9,217,https://www.booking.com/hotel/us/londonhouse-chicago-curio-collection-by-hilton.html?aid=304142&label=gen173nr-10CAQoggJCDnNlYXJjaF9jaGljYWdvSDFYBGiUAogBAZgBM7gBF8gBDNgBA-gBAfgBAYgCAagCAbgC3YHCyQbAAgHSAiQ5OGNmZTVkOC1mOTdlLTRhODktOTFhNS1iOGU4NGFkOTI5MTXYAgHgAgE&ucfs=1&arphpl=1&checkin=2025-12-12&checkout=2025-12-13&group_adults=2&req_adults=2&no_rooms=1&group_children=0&req_children=0&hpos=9&hapos=60&sr_order=popularity&srpvid=483d81aea540015c&srepoch=1764786432&all_sr_blocks=164699504_94610600_2_0_0&highlighted_blocks=164699504_94610600_2_0_0&matching_block_id=164699504_94610600_2_0_0&sr_pri_blocks=164699504_94610600_2_0_0__21658&from_sustainable_property_sr=1&from=searchresults
Millennium Knickerbocker Chicago,7.9,111,https://www.booking.com/hotel/us/millennium-knickerbocker.html?aid=304142&label=gen173nr-10CAQoggJCDnNlYXJjaF9jaGljYWdvSDFYBGiUAogBAZgBM7gBF8gBDNgBA-gBAfgBAYgCAagCAbgC3YHCyQbAAgHSAiQ5OGNmZTVkOC1mOTdlLTRhODktOTFhNS1iOGU4NGFkOTI5MTXYAgHgAgE&ucfs=1&arphpl=1&checkin=2025-12-12&checkout=2025-12-13&group_adults=2&req_adults=2&no_rooms=1&group_children=0&req_children=0&hpos=10&hapos=61&sr_order=popularity&srpvid=483d81aea540015c&srepoch=1764786432&all_sr_blocks=2185101_95146171_2_0_0&highlighted_blocks=2185101_95146171_2_0_0&matching_block_id=2185101_95146171_2_0_0&sr_pri_blocks=2185101_95146171_2_0_0__13100&from=searchresults
Holiday Inn Express Chicago - Magnificent Mile by IHG,7.4,111,https://www.booking.com/hotel/us/holiday-inn-express-chicago.html?aid=304142&label=gen173nr-10CAQoggJCDnNlYXJjaF9jaGljYWdvSDFYBGiUAogBAZgBM7gBF8gBDNgBA-gBAfgBAYgCAagCAbgC3YHCyQbAAgHSAiQ5OGNmZTVkOC1mOTdlLTRhODktOTFhNS1iOGU4NGFkOTI5MTXYAgHgAgE&ucfs=1&arphpl=1&checkin=2025-12-12&checkout=2025-12-13&group_adults=2&req_adults=2&no_rooms=1&group_children=0&req_children=0&hpos=11&hapos=62&sr_order=popularity&srpvid=483d81aea540015c&srepoch=1764786432&all_sr_blocks=18184808_94324624_2_1_0&highlighted_blocks=18184808_94324624_2_1_0&matching_block_id=18184808_94324624_2_1_0&sr_pri_blocks=18184808_94324624_2_1_0__11120&from=searchresults
SpringHill Suites by Marriott Chicago Chinatown,9,152,https://www.booking.com/hotel/us/springhill-suites-by-marriott-chicago-chinatown.html?aid=304142&label=gen173nr-10CAQoggJCDnNlYXJjaF9jaGljYWdvSDFYBGiUAogBAZgBM7gBF8gBDNgBA-gBAfgBAYgCAagCAbgC3YHCyQbAAgHSAiQ5OGNmZTVkOC1mOTdlLTRhODktOTFhNS1iOGU4NGFkOTI5MTXYAgHgAgE&ucfs=1&arphpl=1&checkin=2025-12-12&checkout=2025-12-13&group_adults=2&req_adults=2&no_rooms=1&group_children=0&req_children=0&hpos=12&hapos=63&sr_order=popularity&srpvid=483d81aea540015c&srepoch=1764786432&all_sr_blocks=711396106_295990922_0_1_0&highlighted_blocks=711396106_295990922_0_1_0&matching_block_id=711396106_295990922_0_1_0&sr_pri_blocks=711396106_295990922_0_1_0__15200&from=searchresults
Cambria Hotel Chicago Loop - Theatre District,8.2,152,https://www.booking.com/hotel/us/cambria-suites.html?aid=304142&label=gen173nr-10CAQoggJCDnNlYXJjaF9jaGljYWdvSDFYBGiUAogBAZgBM7gBF8gBDNgBA-gBAfgBAYgCAagCAbgC3YHCyQbAAgHSAiQ5OGNmZTVkOC1mOTdlLTRhODktOTFhNS1iOGU4NGFkOTI5MTXYAgHgAgE&ucfs=1&arphpl=1&checkin=2025-12-12&checkout=2025-12-13&group_adults=2&req_adults=2&no_rooms=1&group_children=0&req_children=0&hpos=13&hapos=64&sr_order=popularity&srpvid=483d81aea540015c&srepoch=1764786432&all_sr_blocks=217380701_98745767_2_2_0&highlighted_blocks=217380701_98745767_2_2_0&matching_block_id=217380701_98745767_2_2_0&sr_pri_blocks=217380701_98745767_2_2_0__15215&from=searchresults
Eurostars Magnificent Mile,8.7,201,https://www.booking.com/hotel/us/eurostars-magmile-chicago-illinois.html?aid=304142&label=gen173nr-10CAQoggJCDnNlYXJjaF9jaGljYWdvSDFYBGiUAogBAZgBM7gBF8gBDNgBA-gBAfgBAYgCAagCAbgC3YHCyQbAAgHSAiQ5OGNmZTVkOC1mOTdlLTRhODktOTFhNS1iOGU4NGFkOTI5MTXYAgHgAgE&ucfs=1&arphpl=1&checkin=2025-12-12&checkout=2025-12-13&group_adults=2&req_adults=2&no_rooms=1&group_children=0&req_children=0&hpos=14&hapos=65&sr_order=popularity&srpvid=483d81aea540015c&srepoch=1764786432&all_sr_blocks=5841601_391408075_2_2_0&highlighted_blocks=5841601_391408075_2_2_0&matching_block_id=5841601_391408075_2_2_0&sr_pri_blocks=5841601_391408075_2_2_0__20081&from=searchresults
The Whitehall Hotel - BW Premier Collection,7.8,134,https://www.booking.com/hotel/us/the-whitehall.html?aid=304142&label=gen173nr-10CAQoggJCDnNlYXJjaF9jaGljYWdvSDFYBGiUAogBAZgBM7gBF8gBDNgBA-gBAfgBAYgCAagCAbgC3YHCyQbAAgHSAiQ5OGNmZTVkOC1mOTdlLTRhODktOTFhNS1iOGU4NGFkOTI5MTXYAgHgAgE&ucfs=1&arphpl=1&checkin=2025-12-12&checkout=2025-12-13&group_adults=2&req_adults=2&no_rooms=1&group_children=0&req_children=0&hpos=15&hapos=66&sr_order=popularity&srpvid=483d81aea540015c&srepoch=1764786432&all_sr_blocks=5627531_91903191_2_1_0&highlighted_blocks=5627531_91903191_2_1_0&matching_block_id=5627531_91903191_2_1_0&sr_pri_blocks=5627531_91903191_2_1_0__13392&from=searchresults
Homewood Suites by Hilton Chicago West Loop Fulton Mkt Area,9,127,https://www.booking.com/hotel/us/homewood-suites-by-hilton-chicago-west-loop.html?aid=304142&label=gen173nr-10CAQoggJCDnNlYXJjaF9jaGljYWdvSDFYBGiUAogBAZgBM7gBF8gBDNgBA-gBAfgBAYgCAagCAbgC3YHCyQbAAgHSAiQ5OGNmZTVkOC1mOTdlLTRhODktOTFhNS1iOGU4NGFkOTI5MTXYAgHgAgE&ucfs=1&arphpl=1&checkin=2025-12-12&checkout=2025-12-13&group_adults=2&req_adults=2&no_rooms=1&group_children=0&req_children=0&hpos=16&hapos=67&sr_order=popularity&srpvid=483d81aea540015c&srepoch=1764786432&all_sr_blocks=192669101_402987254_2_1_0_1253872&highlighted_blocks=192669101_402987254_2_1_0_1253872&matching_block_id=192669101_402987254_2_1_0_1253872&sr_pri_blocks=192669101_402987254_2_1_0_1253872_12720&from_sustainable_property_sr=1&from=searchresults
Home2 Suites By Hilton Chicago River North,8,127,https://www.booking.com/hotel/us/home2-suites-by-hilton-chicago-river-north.html?aid=304142&label=gen173nr-10CAQoggJCDnNlYXJjaF9jaGljYWdvSDFYBGiUAogBAZgBM7gBF8gBDNgBA-gBAfgBAYgCAagCAbgC3YHCyQbAAgHSAiQ5OGNmZTVkOC1mOTdlLTRhODktOTFhNS1iOGU4NGFkOTI5MTXYAgHgAgE&ucfs=1&arphpl=1&checkin=2025-12-12&checkout=2025-12-13&group_adults=2&req_adults=2&no_rooms=1&group_children=0&req_children=0&hpos=17&hapos=68&sr_order=popularity&srpvid=483d81aea540015c&srepoch=1764786432&all_sr_blocks=448068407_402989975_2_1_0_1254563&highlighted_blocks=448068407_402989975_2_1_0_1254563&matching_block_id=448068407_402989975_2_1_0_1254563&sr_pri_blocks=448068407_402989975_2_1_0_1254563_12720&from_sustainable_property_sr=1&from=searchresults
Level Chicago - River North,8.7,356,https://www.booking.com/hotel/us/level-chicago-grand-river-north.html?aid=304142&label=gen173nr-10CAQoggJCDnNlYXJjaF9jaGljYWdvSDFYBGiUAogBAZgBM7gBF8gBDNgBA-gBAfgBAYgCAagCAbgC3YHCyQbAAgHSAiQ5OGNmZTVkOC1mOTdlLTRhODktOTFhNS1iOGU4NGFkOTI5MTXYAgHgAgE&ucfs=1&arphpl=1&checkin=2025-12-12&checkout=2025-12-13&group_adults=2&req_adults=2&no_rooms=1&group_children=0&req_children=0&hpos=18&hapos=69&sr_order=popularity&srpvid=483d81aea540015c&srepoch=1764786432&all_sr_blocks=784093301_337885705_4_0_0&highlighted_blocks=784093301_337885705_4_0_0&matching_block_id=784093301_337885705_4_0_0&sr_pri_blocks=784093301_337885705_4_0_0__37850&from=searchresults
Hyatt Place Chicago Wicker Park,9,339,https://www.booking.com/hotel/us/hyatt-place-chicago-wicker-park.html?aid=304142&label=gen173nr-10CAQoggJCDnNlYXJjaF9jaGljYWdvSDFYBGiUAogBAZgBM7gBF8gBDNgBA-gBAfgBAYgCAagCAbgC3YHCyQbAAgHSAiQ5OGNmZTVkOC1mOTdlLTRhODktOTFhNS1iOGU4NGFkOTI5MTXYAgHgAgE&ucfs=1&arphpl=1&checkin=2025-12-12&checkout=2025-12-13&group_adults=2&req_adults=2&no_rooms=1&group_children=0&req_children=0&hpos=19&hapos=70&sr_order=popularity&srpvid=483d81aea540015c&srepoch=1764786432&all_sr_blocks=580652805_225752961_2_33_0&highlighted_blocks=580652805_225752961_2_33_0&matching_block_id=580652805_225752961_2_33_0&sr_pri_blocks=580652805_225752961_2_33_0__33915&from=searchresults
Acme Hotel Company Chicago,8.2,159,https://www.booking.com/hotel/us/acme-chicago.html?aid=304142&label=gen173nr-10CAQoggJCDnNlYXJjaF9jaGljYWdvSDFYBGiUAogBAZgBM7gBF8gBDNgBA-gBAfgBAYgCAagCAbgC3YHCyQbAAgHSAiQ5OGNmZTVkOC1mOTdlLTRhODktOTFhNS1iOGU4NGFkOTI5MTXYAgHgAgE&ucfs=1&arphpl=1&checkin=2025-12-12&checkout=2025-12-13&group_adults=2&req_adults=2&no_rooms=1&group_children=0&req_children=0&hpos=20&hapos=71&sr_order=popularity&srpvid=483d81aea540015c&srepoch=1764786432&all_sr_blocks=37222827_332363759_2_0_0&highlighted_blocks=37222827_332363759_2_0_0&matching_block_id=37222827_332363759_2_0_0&sr_pri_blocks=37222827_332363759_2_0_0__15900&from=searchresults
"Hotel EMC2, Autograph Collection",8.8,275,https://www.booking.com/hotel/us/emc2-autograph-collection.html?aid=304142&label=gen173nr-10CAQoggJCDnNlYXJjaF9jaGljYWdvSDFYBGiUAogBAZgBM7gBF8gBDNgBA-gBAfgBAYgCAagCAbgC3YHCyQbAAgHSAiQ5OGNmZTVkOC1mOTdlLTRhODktOTFhNS1iOGU4NGFkOTI5MTXYAgHgAgE&ucfs=1&arphpl=1&checkin=2025-12-12&checkout=2025-12-13&group_adults=2&req_adults=2&no_rooms=1&group_children=0&req_children=0&hpos=21&hapos=72&sr_order=popularity&srpvid=483d81aea540015c&srepoch=1764786432&all_sr_blocks=201496102_94551074_0_34_0&highlighted_blocks=201496102_94551074_0_34_0&matching_block_id=201496102_94551074_0_34_0&sr_pri_blocks=201496102_94551074_0_34_0__27500&from=searchresults
Homewood Suites by Hilton Chicago-Downtown,8.4,131,https://www.booking.com/hotel/us/homewood-suites-by-hilton-r-chicago-downtown.html?aid=304142&label=gen173nr-10CAQoggJCDnNlYXJjaF9jaGljYWdvSDFYBGiUAogBAZgBM7gBF8gBDNgBA-gBAfgBAYgCAagCAbgC3YHCyQbAAgHSAiQ5OGNmZTVkOC1mOTdlLTRhODktOTFhNS1iOGU4NGFkOTI5MTXYAgHgAgE&ucfs=1&arphpl=1&checkin=2025-12-12&checkout=2025-12-13&group_adults=2&req_adults=2&no_rooms=1&group_children=0&req_children=0&hpos=22&hapos=73&sr_order=popularity&srpvid=483d81aea540015c&srepoch=1764786432&all_sr_blocks=2878001_95152762_2_1_0_1057506&highlighted_blocks=2878001_95152762_2_1_0_1057506&matching_block_id=2878001_95152762_2_1_0_1057506&sr_pri_blocks=2878001_95152762_2_1_0_1057506_13145&from_sustainable_property_sr=1&from=searchresults
The Drake Hotel,8.3,239,https://www.booking.com/hotel/us/the-drake.html?aid=304142&label=gen173nr-10CAQoggJCDnNlYXJjaF9jaGljYWdvSDFYBGiUAogBAZgBM7gBF8gBDNgBA-gBAfgBAYgCAagCAbgC3YHCyQbAAgHSAiQ5OGNmZTVkOC1mOTdlLTRhODktOTFhNS1iOGU4NGFkOTI5MTXYAgHgAgE&ucfs=1&arphpl=1&checkin=2025-12-12&checkout=2025-12-13&group_adults=2&req_adults=2&no_rooms=1&group_children=0&req_children=0&hpos=23&hapos=74&sr_order=popularity&srpvid=483d81aea540015c&srepoch=1764786432&all_sr_blocks=4163834_119150355_2_2_0&highlighted_blocks=4163834_119150355_2_2_0&matching_block_id=4163834_119150355_2_2_0&sr_pri_blocks=4163834_119150355_2_2_0__23900&from_sustainable_property_sr=1&from=searchresults
Sophy Hyde Park,9,229,https://www.booking.com/hotel/us/sophy-hyde-park.html?aid=304142&label=gen173nr-10CAQoggJCDnNlYXJjaF9jaGljYWdvSDFYBGiUAogBAZgBM7gBF8gBDNgBA-gBAfgBAYgCAagCAbgC3YHCyQbAAgHSAiQ5OGNmZTVkOC1mOTdlLTRhODktOTFhNS1iOGU4NGFkOTI5MTXYAgHgAgE&ucfs=1&arphpl=1&checkin=2025-12-12&checkout=2025-12-13&group_adults=2&req_adults=2&no_rooms=1&group_children=0&req_children=0&hpos=24&hapos=75&sr_order=popularity&srpvid=483d81aea540015c&srepoch=1764786432&all_sr_blocks=303096401_423775816_2_0_0&highlighted_blocks=303096401_423775816_2_0_0&matching_block_id=303096401_423775816_2_0_0&sr_pri_blocks=303096401_423775816_2_0_0__25200&from=searchresults
